{"stats":{"minecraft:mined":{"minecraft:short_grass":26,"minecraft:grass_block":8,"minecraft:tall_grass":8,"minecraft:sugar_cane":4},"minecraft:dropped":{"minecraft:rotten_flesh":1,"minecraft:wheat_seeds":5},"minecraft:custom":{"minecraft:time_since_rest":6422,"minecraft:crouch_one_cm":1813,"minecraft:play_time":10050,"minecraft:sprint_one_cm":19554,"minecraft:damage_taken":641,"minecraft:deaths":2,"minecraft:walk_one_cm":19890,"minecraft:sneak_time":380,"minecraft:drop":6,"minecraft:jump":266,"minecraft:damage_dealt":411,"minecraft:leave_game":7,"minecraft:time_since_death":6392,"minecraft:walk_on_water_one_cm":168,"minecraft:total_world_time":10050,"minecraft:fall_one_cm":9873,"minecraft:fly_one_cm":53457,"minecraft:player_kills":1},"minecraft:picked_up":{"minecraft:rotten_flesh":1,"minecraft:wheat_seeds":5,"minecraft:sugar_cane":18,"minecraft:dirt":8},"minecraft:killed_by":{"minecraft:skeleton":1,"minecraft:zombie":1},"minecraft:used":{"minecraft:dirt":8}},"DataVersion":3953}