{"stats":{"minecraft:mined":{"minecraft:short_grass":30,"minecraft:grass_block":8,"minecraft:tall_grass":11,"minecraft:sugar_cane":4},"minecraft:killed_by":{"minecraft:skeleton":1,"minecraft:zombie":1},"minecraft:used":{"minecraft:dirt":8},"minecraft:custom":{"minecraft:time_since_rest":7551,"minecraft:crouch_one_cm":1813,"minecraft:play_time":11179,"minecraft:sprint_one_cm":23710,"minecraft:damage_taken":641,"minecraft:deaths":2,"minecraft:walk_one_cm":21004,"minecraft:sneak_time":396,"minecraft:drop":6,"minecraft:jump":344,"minecraft:damage_dealt":411,"minecraft:leave_game":9,"minecraft:time_since_death":7521,"minecraft:walk_on_water_one_cm":168,"minecraft:total_world_time":11179,"minecraft:fall_one_cm":13066,"minecraft:fly_one_cm":74563,"minecraft:player_kills":1},"minecraft:dropped":{"minecraft:rotten_flesh":1,"minecraft:wheat_seeds":5},"minecraft:picked_up":{"minecraft:rotten_flesh":1,"minecraft:wheat_seeds":5,"minecraft:sugar_cane":18,"minecraft:dirt":8}},"DataVersion":3953}