{"stats":{"minecraft:mined":{"minecraft:short_grass":4,"minecraft:sugar_cane":4},"minecraft:custom":{"minecraft:jump":18,"minecraft:time_since_rest":1765,"minecraft:damage_dealt":10,"minecraft:sprint_one_cm":2248,"minecraft:leave_game":2,"minecraft:play_time":1765,"minecraft:damage_taken":138,"minecraft:time_since_death":1765,"minecraft:walk_one_cm":774,"minecraft:total_world_time":1765,"minecraft:fall_one_cm":1312,"minecraft:fly_one_cm":6164},"minecraft:picked_up":{"minecraft:sugar_cane":9}},"DataVersion":3953}