{"stats":{"minecraft:mined":{"minecraft:short_grass":1},"minecraft:custom":{"minecraft:jump":28,"minecraft:time_since_rest":1079,"minecraft:damage_dealt":68,"minecraft:walk_one_cm":6055,"minecraft:leave_game":1,"minecraft:play_time":2020,"minecraft:damage_taken":340,"minecraft:time_since_death":1028,"minecraft:deaths":1,"minecraft:total_world_time":2020,"minecraft:fly_one_cm":1701},"minecraft:picked_up":{"minecraft:wheat_seeds":1},"minecraft:killed_by":{"minecraft:player":1}},"DataVersion":3953}