{"stats":{"minecraft:mined":{"minecraft:tall_grass":1,"minecraft:short_grass":20,"minecraft:oak_log":3},"minecraft:custom":{"minecraft:jump":120,"minecraft:time_since_rest":8140,"minecraft:crouch_one_cm":865,"minecraft:leave_game":3,"minecraft:play_time":8140,"minecraft:sprint_one_cm":6850,"minecraft:damage_taken":30,"minecraft:time_since_death":8140,"minecraft:walk_one_cm":5147,"minecraft:sneak_time":228,"minecraft:total_world_time":8140,"minecraft:fall_one_cm":3917,"minecraft:drop":1,"minecraft:fly_one_cm":17015},"minecraft:dropped":{"minecraft:wheat_seeds":1},"minecraft:picked_up":{"minecraft:oak_log":3,"minecraft:wheat_seeds":1}},"DataVersion":3953}