{"stats":{"minecraft:mined":{"minecraft:tall_grass":1,"minecraft:short_grass":4},"minecraft:custom":{"minecraft:jump":22,"minecraft:time_since_rest":4056,"minecraft:leave_game":3,"minecraft:play_time":4056,"minecraft:sprint_one_cm":1375,"minecraft:time_since_death":4056,"minecraft:walk_one_cm":916,"minecraft:total_world_time":4056,"minecraft:fall_one_cm":627,"minecraft:drop":1,"minecraft:fly_one_cm":3193},"minecraft:dropped":{"minecraft:wheat_seeds":1},"minecraft:picked_up":{"minecraft:wheat_seeds":1}},"DataVersion":3953}